0,1
JEEresults_CaptchaImgS\V5S7G8.png,V5S7G8
JEEresults_CaptchaImgS\S1QRKV.png,S1QRKV
JEEresults_CaptchaImgS\TT56GM.png,TT56GM
JEEresults_CaptchaImgS\W8ILBA.png,W8ILBA
JEEresults_CaptchaImgS\I9DY4R.png,I9DY4R
JEEresults_CaptchaImgS\LCQ5LP.png,LCQ5LP
JEEresults_CaptchaImgS\W3TR6N.png,W3TR6N
JEEresults_CaptchaImgS\SX6W0B.png,SX6W0B
JEEresults_CaptchaImgS\KGE36C.png,KGE36C
JEEresults_CaptchaImgS\33FKFF.png,33FKFF
JEEresults_CaptchaImgS\L1ACFK.png,L1ACFK
JEEresults_CaptchaImgS\CEUUGI.png,CEUUGI
JEEresults_CaptchaImgS\XESI4M.png,XESI4M
JEEresults_CaptchaImgS\1VX1T8.png,1VX1T8
JEEresults_CaptchaImgS\82KSY3.png,82KSY3
JEEresults_CaptchaImgS\LOWJV5.png,LOWJV5
JEEresults_CaptchaImgS\10NN4P.png,10NN4P
JEEresults_CaptchaImgS\ONGNEU.png,ONGNEU
JEEresults_CaptchaImgS\49FPGB.png,49FPGB
JEEresults_CaptchaImgS\8WIV66.png,8WIV66
JEEresults_CaptchaImgS\V4SX2E.png,V4SX2E
JEEresults_CaptchaImgS\GV1CSV.png,GV1CSV
JEEresults_CaptchaImgS\2LJCVU.png,2LJCVU
JEEresults_CaptchaImgS\P2YTR2.png,P2YTR2
JEEresults_CaptchaImgS\VPT7ND.png,VPT7ND
JEEresults_CaptchaImgS\4HMDOA.png,4HMDOA
JEEresults_CaptchaImgS\3XLA3A.png,3XLA3A
JEEresults_CaptchaImgS\KV8UJJ.png,KV8UJJ
JEEresults_CaptchaImgS\XS33KG.png,XS33KG
JEEresults_CaptchaImgS\0EGVDV.png,0EGVDV
JEEresults_CaptchaImgS\WEO7M6.png,WEO7M6
JEEresults_CaptchaImgS\O3AX8X.png,O3AX8X
JEEresults_CaptchaImgS\QFHHCC.png,QFHHCC
JEEresults_CaptchaImgS\9KCW4S.png,9KCW4S
JEEresults_CaptchaImgS\WFWEWS.png,WFWEWS
JEEresults_CaptchaImgS\SQROO5.png,SQROO5
JEEresults_CaptchaImgS\LG1NQV.png,LG1NQV
JEEresults_CaptchaImgS\FG1TVD.png,FG1TVD
JEEresults_CaptchaImgS\HR3TNF.png,HR3TNF
JEEresults_CaptchaImgS\4TSYGD.png,4TSYGD
JEEresults_CaptchaImgS\JW2QHE.png,JW2QHE
JEEresults_CaptchaImgS\R9HWC8.png,R9HWC8
JEEresults_CaptchaImgS\0IRFJC.png,0IRFJC
JEEresults_CaptchaImgS\8NYTU3.png,8NYTU3
JEEresults_CaptchaImgS\C1CV77.png,C1CV77
JEEresults_CaptchaImgS\DQFRG5.png,DQFRG5
JEEresults_CaptchaImgS\77R9IY.png,77R9IY
JEEresults_CaptchaImgS\ETBCDI.png,ETBCDI
JEEresults_CaptchaImgS\G8L3YW.png,G8L3YW
JEEresults_CaptchaImgS\XGDMHU.png,XGDMHU
JEEresults_CaptchaImgS\9BM7D4.png,9BM7D4
JEEresults_CaptchaImgS\733E84.png,733E84
JEEresults_CaptchaImgS\DK0V1X.png,DK0V1X
JEEresults_CaptchaImgS\MFFJGG.png,MFFJGG
JEEresults_CaptchaImgS\VUTKF2.png,VUTKF2
JEEresults_CaptchaImgS\7FYVBO.png,7FYVBO
JEEresults_CaptchaImgS\BYJXUN.png,BYJXUN
JEEresults_CaptchaImgS\2AJWUO.png,2AJWUO
JEEresults_CaptchaImgS\7JOJNY.png,7JOJNY
JEEresults_CaptchaImgS\FV0SLR.png,FV0SLR
JEEresults_CaptchaImgS\ROJ60Y.png,ROJ60Y
JEEresults_CaptchaImgS\X3UNEC.png,X3UNEC
JEEresults_CaptchaImgS\CM8ANS.png,CM8ANS
JEEresults_CaptchaImgS\VNWUQS.png,VNWUQS
JEEresults_CaptchaImgS\UP74OY.png,UP74OY
JEEresults_CaptchaImgS\GXXF9J.png,GXXF9J
JEEresults_CaptchaImgS\FLBRPT.png,FLBRPT
JEEresults_CaptchaImgS\J9DY1D.png,J9DY1D
JEEresults_CaptchaImgS\RSIRF8.png,RSIRF8
JEEresults_CaptchaImgS\7T6J4U.png,7T6J4U
JEEresults_CaptchaImgS\UJ8FKY.png,UJ8FKY
JEEresults_CaptchaImgS\LJ8VF9.png,LJ8VF9
JEEresults_CaptchaImgS\IURIN4.png,IURIN4
JEEresults_CaptchaImgS\Y2KEGW.png,Y2KEGW
JEEresults_CaptchaImgS\KFEFRD.png,KFEFRD
JEEresults_CaptchaImgS\UWTS10.png,UWTS10
JEEresults_CaptchaImgS\BNNUR4.png,BNNUR4
JEEresults_CaptchaImgS\IKUYRA.png,IKUYRA
JEEresults_CaptchaImgS\ESP975.png,ESP975
JEEresults_CaptchaImgS\HWRG4A.png,HWRG4A
JEEresults_CaptchaImgS\OBHKXA.png,OBHKXA
JEEresults_CaptchaImgS\VEA2UF.png,VEA2UF
JEEresults_CaptchaImgS\A9G2DJ.png,A9G2DJ
JEEresults_CaptchaImgS\1RQS5U.png,1RQS5U
JEEresults_CaptchaImgS\HQHPC7.png,HQHPC7
JEEresults_CaptchaImgS\L8T12C.png,L8T12C
JEEresults_CaptchaImgS\UEBF6P.png,UEBF6P
JEEresults_CaptchaImgS\9QNOO3.png,9QNOO3
JEEresults_CaptchaImgS\C2DPW5.png,C2DPW5
JEEresults_CaptchaImgS\KHCAK0.png,KHCAK0
JEEresults_CaptchaImgS\M7S4HC.png,M7S4HC
JEEresults_CaptchaImgS\25SJA6.png,25SJA6
JEEresults_CaptchaImgS\6M7E36.png,6M7E36
JEEresults_CaptchaImgS\ELIRDU.png,ELIRDU
JEEresults_CaptchaImgS\HSHXYT.png,HSHXYT
JEEresults_CaptchaImgS\APKKPJ.png,APKKPJ
JEEresults_CaptchaImgS\1K2WSX.png,1K2WSX
JEEresults_CaptchaImgS\YGH4YI.png,YGH4YI
JEEresults_CaptchaImgS\YVORO2.png,YVORO2
JEEresults_CaptchaImgS\X9X087.png,X9X087
JEEresults_CaptchaImgS\H1YOSN.png,H1YOSN
JEEresults_CaptchaImgS\YVEDDY.png,YVEDDY
JEEresults_CaptchaImgS\SCA605.png,SCA605
JEEresults_CaptchaImgS\ITYAKR.png,ITYAKR
JEEresults_CaptchaImgS\DYBMLD.png,DYBMLD
JEEresults_CaptchaImgS\VD1TKF.png,VD1TKF
JEEresults_CaptchaImgS\L4SQ9D.png,L4SQ9D
JEEresults_CaptchaImgS\RNVRQE.png,RNVRQE
JEEresults_CaptchaImgS\NDITC4.png,NDITC4
JEEresults_CaptchaImgS\X7IRL5.png,X7IRL5
JEEresults_CaptchaImgS\OA3GM2.png,OA3GM2
JEEresults_CaptchaImgS\WJ0Y6F.png,WJ0Y6F
JEEresults_CaptchaImgS\8EDR44.png,8EDR44
JEEresults_CaptchaImgS\EVSXKA.png,EVSXKA
JEEresults_CaptchaImgS\S2VU18.png,S2VU18
JEEresults_CaptchaImgS\079NC7.png,079NC7
JEEresults_CaptchaImgS\U7SAQH.png,U7SAQH
JEEresults_CaptchaImgS\M5OAQ8.png,M5OAQ8
JEEresults_CaptchaImgS\XU63C4.png,XU63C4
JEEresults_CaptchaImgS\S6X44Q.png,S6X44Q
JEEresults_CaptchaImgS\OBNJX6.png,OBNJX6
JEEresults_CaptchaImgS\45P378.png,45P378
JEEresults_CaptchaImgS\M4ALP9.png,M4ALP9
JEEresults_CaptchaImgS\FL3OMP.png,FL3OMP
JEEresults_CaptchaImgS\JNXOPD.png,JNXOPD
JEEresults_CaptchaImgS\U1GQ80.png,U1GQ80
JEEresults_CaptchaImgS\MDFB2T.png,MDFB2T
JEEresults_CaptchaImgS\YKONVJ.png,YKONVJ
JEEresults_CaptchaImgS\TBM1GA.png,TBM1GA
JEEresults_CaptchaImgS\GBLO9S.png,GBLO9S
JEEresults_CaptchaImgS\QYDYIR.png,QYDYIR
JEEresults_CaptchaImgS\V8VN00.png,V8VN00
JEEresults_CaptchaImgS\2P8M5M.png,2P8M5M
JEEresults_CaptchaImgS\8EGEEP.png,8EGEEP
JEEresults_CaptchaImgS\BFNGOH.png,BFNGOH
JEEresults_CaptchaImgS\600U8R.png,600U8R
JEEresults_CaptchaImgS\L55E7N.png,L55E7N
JEEresults_CaptchaImgS\RX2OMO.png,RX2OMO
JEEresults_CaptchaImgS\8HWYU0.png,8HWYU0
JEEresults_CaptchaImgS\KD9QEC.png,KD9QEC
JEEresults_CaptchaImgS\YAR840.png,YAR840
JEEresults_CaptchaImgS\TA8W18.png,TA8W18
JEEresults_CaptchaImgS\1LG1EK.png,1LG1EK
JEEresults_CaptchaImgS\GYYU1B.png,GYYU1B
JEEresults_CaptchaImgS\9LY18O.png,9LY18O
JEEresults_CaptchaImgS\KT02DJ.png,KT02DJ
JEEresults_CaptchaImgS\CHFE1R.png,CHFE1R
JEEresults_CaptchaImgS\H6OC9J.png,H6OC9J
JEEresults_CaptchaImgS\KL841V.png,KL841V
JEEresults_CaptchaImgS\P6Y4QB.png,P6Y4QB
JEEresults_CaptchaImgS\J3HTRL.png,J3HTRL
JEEresults_CaptchaImgS\ROGUYV.png,ROGUYV
JEEresults_CaptchaImgS\RRAT5K.png,RRAT5K
JEEresults_CaptchaImgS\6DOENH.png,6DOENH
JEEresults_CaptchaImgS\N0LCPN.png,N0LCPN
JEEresults_CaptchaImgS\MQP6WG.png,MQP6WG
JEEresults_CaptchaImgS\1B5154.png,1B5154
JEEresults_CaptchaImgS\628RI3.png,628RI3
JEEresults_CaptchaImgS\VJWGV6.png,VJWGV6
JEEresults_CaptchaImgS\OT7TD7.png,OT7TD7
JEEresults_CaptchaImgS\UMBTL8.png,UMBTL8
JEEresults_CaptchaImgS\K624O1.png,K624O1
JEEresults_CaptchaImgS\5WHDBM.png,5WHDBM
JEEresults_CaptchaImgS\ENQBCW.png,ENQBCW
JEEresults_CaptchaImgS\WOL2LH.png,WOL2LH
JEEresults_CaptchaImgS\TYT2GC.png,TYT2GC
JEEresults_CaptchaImgS\EOFJ2H.png,EOFJ2H
JEEresults_CaptchaImgS\CX81JG.png,CX81JG
JEEresults_CaptchaImgS\D47HYT.png,D47HYT
JEEresults_CaptchaImgS\CQK493.png,CQK493
JEEresults_CaptchaImgS\LKMOPH.png,LKMOPH
JEEresults_CaptchaImgS\PI3T9E.png,PI3T9E
JEEresults_CaptchaImgS\OGSCHK.png,OGSCHK
JEEresults_CaptchaImgS\6HVMBV.png,6HVMBV
JEEresults_CaptchaImgS\0AUJEJ.png,0AUJEJ
JEEresults_CaptchaImgS\74HICB.png,74HICB
JEEresults_CaptchaImgS\41URJ0.png,41URJ0
JEEresults_CaptchaImgS\HD7IE1.png,HD7IE1
JEEresults_CaptchaImgS\AHNP3C.png,AHNP3C
JEEresults_CaptchaImgS\V94PMO.png,V94PMO
JEEresults_CaptchaImgS\W6HDWM.png,W6HDWM
JEEresults_CaptchaImgS\7KTP37.png,7KTP37
JEEresults_CaptchaImgS\LOTNFO.png,LOTNFO
JEEresults_CaptchaImgS\C1317G.png,C1317G
JEEresults_CaptchaImgS\D7TEFR.png,D7TEFR
JEEresults_CaptchaImgS\X3M9QH.png,X3M9QH
JEEresults_CaptchaImgS\965PPD.png,965PPD
JEEresults_CaptchaImgS\GFSW2F.png,GFSW2F
JEEresults_CaptchaImgS\9HRSJU.png,9HRSJU
JEEresults_CaptchaImgS\YOYVSC.png,YOYVSC
JEEresults_CaptchaImgS\XHQC6F.png,XHQC6F
JEEresults_CaptchaImgS\RTRMJ6.png,RTRMJ6
JEEresults_CaptchaImgS\JNHB7A.png,JNHB7A
JEEresults_CaptchaImgS\6RGIB5.png,6RGIB5
JEEresults_CaptchaImgS\UDWBVA.png,UDWBVA
JEEresults_CaptchaImgS\AJV7C0.png,AJV7C0
JEEresults_CaptchaImgS\P3VYGG.png,P3VYGG
JEEresults_CaptchaImgS\DJPVLL.png,DJPVLL
JEEresults_CaptchaImgS\EWEWH0.png,EWEWH0
JEEresults_CaptchaImgS\57KSES.png,57KSES
JEEresults_CaptchaImgS\CQC61B.png,CQC61B
JEEresults_CaptchaImgS\B73B3P.png,B73B3P
JEEresults_CaptchaImgS\8I9FDY.png,8I9FDY
JEEresults_CaptchaImgS\3WDJWL.png,3WDJWL
JEEresults_CaptchaImgS\XLXGXR.png,XLXGXR
JEEresults_CaptchaImgS\T51BPC.png,T51BPC
JEEresults_CaptchaImgS\404Q8O.png,404Q8O
JEEresults_CaptchaImgS\PKUTXT.png,PKUTXT
JEEresults_CaptchaImgS\KGXLQW.png,KGXLQW
JEEresults_CaptchaImgS\3DCPXB.png,3DCPXB
JEEresults_CaptchaImgS\YYAU90.png,YYAU90
JEEresults_CaptchaImgS\490LWD.png,490LWD
JEEresults_CaptchaImgS\J7G80X.png,J7G80X
JEEresults_CaptchaImgS\N17GG4.png,N17GG4
JEEresults_CaptchaImgS\FDI92G.png,FDI92G
JEEresults_CaptchaImgS\LPCN6C.png,LPCN6C
JEEresults_CaptchaImgS\653NMQ.png,653NMQ
JEEresults_CaptchaImgS\H2DT33.png,H2DT33
JEEresults_CaptchaImgS\PA39NM.png,PA39NM
JEEresults_CaptchaImgS\5LW3BM.png,5LW3BM
JEEresults_CaptchaImgS\055DN0.png,055DN0
JEEresults_CaptchaImgS\EI8A83.png,EI8A83
JEEresults_CaptchaImgS\FQK58V.png,FQK58V
JEEresults_CaptchaImgS\TYA15V.png,TYA15V
JEEresults_CaptchaImgS\AUO7E0.png,AUO7E0
JEEresults_CaptchaImgS\Q0Y3S6.png,Q0Y3S6
JEEresults_CaptchaImgS\NANBTM.png,NANBTM
JEEresults_CaptchaImgS\QCVDYE.png,QCVDYE
JEEresults_CaptchaImgS\HYTTXN.png,HYTTXN
JEEresults_CaptchaImgS\C5J3UD.png,C5J3UD
JEEresults_CaptchaImgS\16XFUW.png,16XFUW
JEEresults_CaptchaImgS\58EH21.png,58EH21
JEEresults_CaptchaImgS\BO9YE7.png,BO9YE7
JEEresults_CaptchaImgS\M2456T.png,M2456T
JEEresults_CaptchaImgS\HMR231.png,HMR231
JEEresults_CaptchaImgS\HKSIJV.png,HKSIJV
JEEresults_CaptchaImgS\Y65J1C.png,Y65J1C
JEEresults_CaptchaImgS\EE4JL1.png,EE4JL1
JEEresults_CaptchaImgS\DG1PDL.png,DG1PDL
JEEresults_CaptchaImgS\93UYSN.png,93UYSN
JEEresults_CaptchaImgS\DLP47V.png,DLP47V
JEEresults_CaptchaImgS\23S9FV.png,23S9FV
JEEresults_CaptchaImgS\9CG20K.png,9CG20K
JEEresults_CaptchaImgS\GT3299.png,GT3299
JEEresults_CaptchaImgS\1UB0GO.png,1UB0GO
JEEresults_CaptchaImgS\JQ0KI5.png,JQ0KI5
JEEresults_CaptchaImgS\UFCFT3.png,UFCFT3
JEEresults_CaptchaImgS\UIM62U.png,UIM62U
JEEresults_CaptchaImgS\PWHXXI.png,PWHXXI
JEEresults_CaptchaImgS\Q3NIOD.png,Q3NIOD
JEEresults_CaptchaImgS\GVSCJS.png,GVSCJS
JEEresults_CaptchaImgS\BWJP1V.png,BWJP1V
JEEresults_CaptchaImgS\OJEG2J.png,OJEG2J
JEEresults_CaptchaImgS\6LLARQ.png,6LLARQ
JEEresults_CaptchaImgS\MRM5Q8.png,MRM5Q8
JEEresults_CaptchaImgS\NUBKLF.png,NUBKLF
JEEresults_CaptchaImgS\BHSRF5.png,BHSRF5
JEEresults_CaptchaImgS\AQ6OIJ.png,AQ6OIJ
JEEresults_CaptchaImgS\75T50S.png,75T50S
JEEresults_CaptchaImgS\PANAHF.png,PANAHF
JEEresults_CaptchaImgS\GYO8T7.png,GYO8T7
JEEresults_CaptchaImgS\R90E6N.png,R90E6N
JEEresults_CaptchaImgS\R6C4JG.png,R6C4JG
JEEresults_CaptchaImgS\GIVW3M.png,GIVW3M
JEEresults_CaptchaImgS\TSJV8O.png,TSJV8O
JEEresults_CaptchaImgS\8AJQ9S.png,8AJQ9S
JEEresults_CaptchaImgS\BODLPJ.png,BODLPJ
JEEresults_CaptchaImgS\O2VTWJ.png,O2VTWJ
JEEresults_CaptchaImgS\B56F7L.png,B56F7L
JEEresults_CaptchaImgS\0RNANK.png,0RNANK
JEEresults_CaptchaImgS\1127X4.png,1127X4
JEEresults_CaptchaImgS\OF8H8Q.png,OF8H8Q
JEEresults_CaptchaImgS\MIPL4B.png,MIPL4B
JEEresults_CaptchaImgS\9RIOAP.png,9RIOAP
JEEresults_CaptchaImgS\BW4WGD.png,BW4WGD
JEEresults_CaptchaImgS\FQP1LB.png,FQP1LB
JEEresults_CaptchaImgS\OFRLTJ.png,OFRLTJ
JEEresults_CaptchaImgS\WVBHL6.png,WVBHL6
JEEresults_CaptchaImgS\GQSB3L.png,GQSB3L
JEEresults_CaptchaImgS\DUM0HN.png,DUM0HN
JEEresults_CaptchaImgS\37PL33.png,37PL33
JEEresults_CaptchaImgS\YHIXCK.png,YHIXCK
JEEresults_CaptchaImgS\F0BC94.png,F0BC94
JEEresults_CaptchaImgS\VB0LRX.png,VB0LRX
JEEresults_CaptchaImgS\V91E51.png,V91E51
JEEresults_CaptchaImgS\UKMQOW.png,UKMQOW
JEEresults_CaptchaImgS\HJ6XIW.png,HJ6XIW
JEEresults_CaptchaImgS\6K7HC9.png,6K7HC9
JEEresults_CaptchaImgS\3MPWBM.png,3MPWBM
JEEresults_CaptchaImgS\RRQE5C.png,RRQE5C
JEEresults_CaptchaImgS\9R9S0B.png,9R9S0B
JEEresults_CaptchaImgS\VP7GAJ.png,VP7GAJ
JEEresults_CaptchaImgS\TMSPTF.png,TMSPTF
JEEresults_CaptchaImgS\JACJK4.png,JACJK4
JEEresults_CaptchaImgS\BR8N0Q.png,BR8N0Q
JEEresults_CaptchaImgS\89CF2H.png,89CF2H
JEEresults_CaptchaImgS\JC45HP.png,JC45HP
JEEresults_CaptchaImgS\P5KSRC.png,P5KSRC
JEEresults_CaptchaImgS\2CO6BE.png,2CO6BE
JEEresults_CaptchaImgS\YBTEKQ.png,YBTEKQ
JEEresults_CaptchaImgS\EAV5Q8.png,EAV5Q8
JEEresults_CaptchaImgS\T8QWKK.png,T8QWKK
JEEresults_CaptchaImgS\MT8G7W.png,MT8G7W
JEEresults_CaptchaImgS\HDV6X3.png,HDV6X3
JEEresults_CaptchaImgS\5831WR.png,5831WR
JEEresults_CaptchaImgS\P0RU26.png,P0RU26
JEEresults_CaptchaImgS\KJCI6N.png,KJCI6N
JEEresults_CaptchaImgS\LXTE1L.png,LXTE1L
JEEresults_CaptchaImgS\U2IGBK.png,U2IGBK
JEEresults_CaptchaImgS\3VPPKX.png,3VPPKX
JEEresults_CaptchaImgS\B3LJ0A.png,B3LJ0A
JEEresults_CaptchaImgS\E8B17V.png,E8B17V
JEEresults_CaptchaImgS\WGTNO4.png,WGTNO4
JEEresults_CaptchaImgS\MV6D3W.png,MV6D3W
JEEresults_CaptchaImgS\15NIKE.png,15NIKE
JEEresults_CaptchaImgS\2Y2AYE.png,2Y2AYE
JEEresults_CaptchaImgS\J8GE2S.png,J8GE2S
JEEresults_CaptchaImgS\GFVDPK.png,GFVDPK
JEEresults_CaptchaImgS\R8CNLC.png,R8CNLC
JEEresults_CaptchaImgS\R29ED0.png,R29ED0
JEEresults_CaptchaImgS\Y9AA96.png,Y9AA96
JEEresults_CaptchaImgS\KQU0H1.png,KQU0H1
JEEresults_CaptchaImgS\16B38M.png,16B38M
JEEresults_CaptchaImgS\86FOUF.png,86FOUF
JEEresults_CaptchaImgS\DC4QR6.png,DC4QR6
JEEresults_CaptchaImgS\KQQ6VN.png,KQQ6VN
JEEresults_CaptchaImgS\IF706B.png,IF706B
JEEresults_CaptchaImgS\0K0MR9.png,0K0MR9
JEEresults_CaptchaImgS\QUO9VP.png,QUO9VP
JEEresults_CaptchaImgS\70AAN5.png,70AAN5
JEEresults_CaptchaImgS\QS539Y.png,QS539Y
JEEresults_CaptchaImgS\JUQ5AC.png,JUQ5AC
JEEresults_CaptchaImgS\SN596Q.png,SN596Q
JEEresults_CaptchaImgS\MQ71FX.png,MQ71FX
JEEresults_CaptchaImgS\KVJ4CQ.png,KVJ4CQ
JEEresults_CaptchaImgS\15CBJ0.png,15CBJ0
JEEresults_CaptchaImgS\8JXOWY.png,8JXOWY
JEEresults_CaptchaImgS\3HI2VE.png,3HI2VE
JEEresults_CaptchaImgS\ART5TK.png,ART5TK
JEEresults_CaptchaImgS\3NTTFO.png,3NTTFO
JEEresults_CaptchaImgS\FA68L4.png,FA68L4
JEEresults_CaptchaImgS\H5XTLT.png,H5XTLT
JEEresults_CaptchaImgS\VLWPBT.png,VLWPBT
JEEresults_CaptchaImgS\S0NG6U.png,S0NG6U
JEEresults_CaptchaImgS\IT7T6P.png,IT7T6P
JEEresults_CaptchaImgS\QR38OX.png,QR38OX
JEEresults_CaptchaImgS\T319PE.png,T319PE
JEEresults_CaptchaImgS\PAB95O.png,PAB95O
JEEresults_CaptchaImgS\9B2XOM.png,9B2XOM
JEEresults_CaptchaImgS\NMOSRK.png,NMOSRK
JEEresults_CaptchaImgS\H4D71T.png,H4D71T
JEEresults_CaptchaImgS\MRVWF8.png,MRVWF8
JEEresults_CaptchaImgS\W0ECLF.png,W0ECLF
JEEresults_CaptchaImgS\19LDNF.png,19LDNF
JEEresults_CaptchaImgS\YF30N4.png,YF30N4
JEEresults_CaptchaImgS\0CGNY8.png,0CGNY8
JEEresults_CaptchaImgS\9VCC5Y.png,9VCC5Y
JEEresults_CaptchaImgS\MNEW20.png,MNEW20
JEEresults_CaptchaImgS\VP2LAB.png,VP2LAB
JEEresults_CaptchaImgS\QJR810.png,QJR810
JEEresults_CaptchaImgS\7GD0IQ.png,7GD0IQ
JEEresults_CaptchaImgS\4O47I8.png,4O47I8
JEEresults_CaptchaImgS\3CGKOJ.png,3CGKOJ
JEEresults_CaptchaImgS\UFK2GX.png,UFK2GX
JEEresults_CaptchaImgS\GOSHYD.png,GOSHYD
JEEresults_CaptchaImgS\95UBEF.png,95UBEF
JEEresults_CaptchaImgS\3OXQ3R.png,3OXQ3R
JEEresults_CaptchaImgS\UH821X.png,UH821X
JEEresults_CaptchaImgS\82SNG2.png,82SNG2
JEEresults_CaptchaImgS\9P9KDO.png,9P9KDO
JEEresults_CaptchaImgS\0WY9UA.png,0WY9UA
JEEresults_CaptchaImgS\BA2PN2.png,BA2PN2
JEEresults_CaptchaImgS\WQAS1C.png,WQAS1C
JEEresults_CaptchaImgS\J3DHLA.png,J3DHLA
JEEresults_CaptchaImgS\INPO2D.png,INPO2D
JEEresults_CaptchaImgS\NGP17A.png,NGP17A
JEEresults_CaptchaImgS\CWONJA.png,CWONJA
JEEresults_CaptchaImgS\OOBE3X.png,OOBE3X
JEEresults_CaptchaImgS\W3VMD6.png,W3VMD6
JEEresults_CaptchaImgS\HXLPWE.png,HXLPWE
JEEresults_CaptchaImgS\B2UH03.png,B2UH03
JEEresults_CaptchaImgS\LLNS9F.png,LLNS9F
JEEresults_CaptchaImgS\4YFF61.png,4YFF61
JEEresults_CaptchaImgS\JX8VN4.png,JX8VN4
JEEresults_CaptchaImgS\TPU7M7.png,TPU7M7
JEEresults_CaptchaImgS\SV240T.png,SV240T
JEEresults_CaptchaImgS\A06353.png,A06353
JEEresults_CaptchaImgS\O9LPS8.png,O9LPS8
JEEresults_CaptchaImgS\XAHYXS.png,XAHYXS
JEEresults_CaptchaImgS\YG67S3.png,YG67S3
JEEresults_CaptchaImgS\VCEP2H.png,VCEP2H
JEEresults_CaptchaImgS\3RIHWK.png,3RIHWK
JEEresults_CaptchaImgS\LHBYR2.png,LHBYR2
JEEresults_CaptchaImgS\X9YRVE.png,X9YRVE
JEEresults_CaptchaImgS\E0712Y.png,E0712Y
JEEresults_CaptchaImgS\65HRX6.png,65HRX6
JEEresults_CaptchaImgS\TK2L1X.png,TK2L1X
JEEresults_CaptchaImgS\1FS1BD.png,1FS1BD
JEEresults_CaptchaImgS\2SF6EA.png,2SF6EA
JEEresults_CaptchaImgS\5O7MHS.png,5O7MHS
JEEresults_CaptchaImgS\7EV31V.png,7EV31V
JEEresults_CaptchaImgS\8OD48T.png,8OD48T
JEEresults_CaptchaImgS\FBIWYL.png,FBIWYL
JEEresults_CaptchaImgS\IF6HIW.png,IF6HIW
JEEresults_CaptchaImgS\CSCHKN.png,CSCHKN
JEEresults_CaptchaImgS\JN5U5M.png,JN5U5M
JEEresults_CaptchaImgS\Q9YAIB.png,Q9YAIB
JEEresults_CaptchaImgS\QKS07P.png,QKS07P
JEEresults_CaptchaImgS\BX9J59.png,BX9J59
JEEresults_CaptchaImgS\TKJWPQ.png,TKJWPQ
JEEresults_CaptchaImgS\JENUPR.png,JENUPR
JEEresults_CaptchaImgS\83K1TL.png,83K1TL
JEEresults_CaptchaImgS\AVUCYF.png,AVUCYF
JEEresults_CaptchaImgS\BHC3JH.png,BHC3JH
JEEresults_CaptchaImgS\ATUDSG.png,ATUDSG
JEEresults_CaptchaImgS\IGKLT5.png,IGKLT5
JEEresults_CaptchaImgS\EY3L49.png,EY3L49
JEEresults_CaptchaImgS\JF9Y07.png,JF9Y07
JEEresults_CaptchaImgS\6E1167.png,6E1167
JEEresults_CaptchaImgS\N9IBXF.png,N9IBXF
JEEresults_CaptchaImgS\43PULM.png,43PULM
JEEresults_CaptchaImgS\TFXKA4.png,TFXKA4
JEEresults_CaptchaImgS\E289GL.png,E289GL
JEEresults_CaptchaImgS\KIXEU9.png,KIXEU9
JEEresults_CaptchaImgS\D5ELT7.png,D5ELT7
JEEresults_CaptchaImgS\GKHKCA.png,GKHKCA
JEEresults_CaptchaImgS\2JJA8I.png,2JJA8I
JEEresults_CaptchaImgS\MXWWBO.png,MXWWBO
JEEresults_CaptchaImgS\WIEU32.png,WIEU32
JEEresults_CaptchaImgS\288WE8.png,288WE8
JEEresults_CaptchaImgS\9096EU.png,9096EU
JEEresults_CaptchaImgS\9UXUJU.png,9UXUJU
JEEresults_CaptchaImgS\K6JHUH.png,K6JHUH
JEEresults_CaptchaImgS\29N2PG.png,29N2PG
JEEresults_CaptchaImgS\K2UV1M.png,K2UV1M
JEEresults_CaptchaImgS\G8OKNL.png,G8OKNL
JEEresults_CaptchaImgS\QQH4DI.png,QQH4DI
JEEresults_CaptchaImgS\XRD8ID.png,XRD8ID
JEEresults_CaptchaImgS\27MSS8.png,27MSS8
JEEresults_CaptchaImgS\CLAQOV.png,CLAQOV
JEEresults_CaptchaImgS\BS7DJ3.png,BS7DJ3
JEEresults_CaptchaImgS\Q6UDA4.png,Q6UDA4
JEEresults_CaptchaImgS\BQLJ7P.png,BQLJ7P
JEEresults_CaptchaImgS\5NLID2.png,5NLID2
JEEresults_CaptchaImgS\PQDL3D.png,PQDL3D
JEEresults_CaptchaImgS\8MD5IF.png,8MD5IF
JEEresults_CaptchaImgS\SG9XA9.png,SG9XA9
JEEresults_CaptchaImgS\44YV21.png,44YV21
JEEresults_CaptchaImgS\NVWOWT.png,NVWOWT
JEEresults_CaptchaImgS\4CWPVS.png,4CWPVS
JEEresults_CaptchaImgS\E44KU4.png,E44KU4
JEEresults_CaptchaImgS\NK0KXQ.png,NK0KXQ
JEEresults_CaptchaImgS\CDQQKW.png,CDQQKW
JEEresults_CaptchaImgS\AB0MWI.png,AB0MWI
JEEresults_CaptchaImgS\TC9JX3.png,TC9JX3
JEEresults_CaptchaImgS\D48A27.png,D48A27
JEEresults_CaptchaImgS\AG9LYN.png,AG9LYN
JEEresults_CaptchaImgS\KPJ73Y.png,KPJ73Y
JEEresults_CaptchaImgS\GV1X67.png,GV1X67
JEEresults_CaptchaImgS\948K2O.png,948K2O
JEEresults_CaptchaImgS\LQXRAR.png,LQXRAR
JEEresults_CaptchaImgS\M7WQ45.png,M7WQ45
JEEresults_CaptchaImgS\K5F0EL.png,K5F0EL
JEEresults_CaptchaImgS\ISQGQD.png,ISQGQD
JEEresults_CaptchaImgS\0WD55G.png,0WD55G
JEEresults_CaptchaImgS\DYWIA5.png,DYWIA5
JEEresults_CaptchaImgS\WGP8ST.png,WGP8ST
JEEresults_CaptchaImgS\LIMRTM.png,LIMRTM
JEEresults_CaptchaImgS\PD7SID.png,PD7SID
JEEresults_CaptchaImgS\V42S15.png,V42S15
JEEresults_CaptchaImgS\31FC1S.png,31FC1S
JEEresults_CaptchaImgS\AHMVBM.png,AHMVBM
JEEresults_CaptchaImgS\GA7K3T.png,GA7K3T
JEEresults_CaptchaImgS\YN2F5S.png,YN2F5S
JEEresults_CaptchaImgS\VGLXQI.png,VGLXQI
JEEresults_CaptchaImgS\NSXGER.png,NSXGER
JEEresults_CaptchaImgS\119REB.png,119REB
JEEresults_CaptchaImgS\0D2R9G.png,0D2R9G
JEEresults_CaptchaImgS\8BT4FU.png,8BT4FU
JEEresults_CaptchaImgS\OPOMT1.png,OPOMT1
JEEresults_CaptchaImgS\5JWUWI.png,5JWUWI
JEEresults_CaptchaImgS\5EUH12.png,5EUH12
JEEresults_CaptchaImgS\OT0XSA.png,OT0XSA
JEEresults_CaptchaImgS\7BO8UC.png,7BO8UC
JEEresults_CaptchaImgS\2XKV4G.png,2XKV4G
JEEresults_CaptchaImgS\A4TFUO.png,A4TFUO
JEEresults_CaptchaImgS\YCRAIM.png,YCRAIM
JEEresults_CaptchaImgS\WKE3HO.png,WKE3HO
JEEresults_CaptchaImgS\6QA48M.png,6QA48M
JEEresults_CaptchaImgS\3UKIOH.png,3UKIOH
JEEresults_CaptchaImgS\CUL7YJ.png,CUL7YJ
JEEresults_CaptchaImgS\THXSVQ.png,THXSVQ
JEEresults_CaptchaImgS\HQ2L9R.png,HQ2L9R
JEEresults_CaptchaImgS\7A9XGF.png,7A9XGF
JEEresults_CaptchaImgS\A1K7AL.png,A1K7AL
JEEresults_CaptchaImgS\DBQI6E.png,DBQI6E
JEEresults_CaptchaImgS\X2A9AL.png,X2A9AL
JEEresults_CaptchaImgS\382FXX.png,382FXX
JEEresults_CaptchaImgS\6EM378.png,6EM378
JEEresults_CaptchaImgS\J4RL57.png,J4RL57
JEEresults_CaptchaImgS\N2RTOQ.png,N2RTOQ
JEEresults_CaptchaImgS\Y8UYQ4.png,Y8UYQ4
JEEresults_CaptchaImgS\ALDCJY.png,ALDCJY
JEEresults_CaptchaImgS\9L2CPB.png,9L2CPB
JEEresults_CaptchaImgS\GJ3G83.png,GJ3G83
JEEresults_CaptchaImgS\CPQQPX.png,CPQQPX
JEEresults_CaptchaImgS\0O2MII.png,0O2MII
JEEresults_CaptchaImgS\367AO6.png,367AO6
JEEresults_CaptchaImgS\Q9VYXO.png,Q9VYXO
JEEresults_CaptchaImgS\AOK9SD.png,AOK9SD
JEEresults_CaptchaImgS\BPN3PF.png,BPN3PF
JEEresults_CaptchaImgS\3DBT78.png,3DBT78
JEEresults_CaptchaImgS\SL51J4.png,SL51J4
JEEresults_CaptchaImgS\VXA2AH.png,VXA2AH
JEEresults_CaptchaImgS\F5WNBU.png,F5WNBU
JEEresults_CaptchaImgS\W5SJLS.png,W5SJLS
JEEresults_CaptchaImgS\DT8V19.png,DT8V19
JEEresults_CaptchaImgS\G9OYLJ.png,G9OYLJ
JEEresults_CaptchaImgS\RYGA02.png,RYGA02
JEEresults_CaptchaImgS\S6GF1Q.png,S6GF1Q
JEEresults_CaptchaImgS\MNBFKP.png,MNBFKP
JEEresults_CaptchaImgS\9OMUC8.png,9OMUC8
JEEresults_CaptchaImgS\QUQTEA.png,QUQTEA
JEEresults_CaptchaImgS\BFQY6J.png,BFQY6J
JEEresults_CaptchaImgS\TPTN10.png,TPTN10
JEEresults_CaptchaImgS\A82XFJ.png,A82XFJ
JEEresults_CaptchaImgS\SSHWTJ.png,SSHWTJ
JEEresults_CaptchaImgS\L4QEV4.png,L4QEV4
JEEresults_CaptchaImgS\APUFMT.png,APUFMT
JEEresults_CaptchaImgS\2K5KFF.png,2K5KFF
JEEresults_CaptchaImgS\NTD95H.png,NTD95H
JEEresults_CaptchaImgS\SCJKM0.png,SCJKM0
JEEresults_CaptchaImgS\JJ7ODC.png,JJ7ODC
JEEresults_CaptchaImgS\G04Y1O.png,G04Y1O
JEEresults_CaptchaImgS\T4FF4B.png,T4FF4B
JEEresults_CaptchaImgS\SC85FV.png,SC85FV
JEEresults_CaptchaImgS\AC2DAW.png,AC2DAW
JEEresults_CaptchaImgS\PCR3HB.png,PCR3HB
JEEresults_CaptchaImgS\J2QDJD.png,J2QDJD
JEEresults_CaptchaImgS\PHHPX7.png,PHHPX7
JEEresults_CaptchaImgS\A5R4OM.png,A5R4OM
JEEresults_CaptchaImgS\SC5M5L.png,SC5M5L
JEEresults_CaptchaImgS\AI9TDB.png,AI9TDB
JEEresults_CaptchaImgS\1D5JQV.png,1D5JQV
JEEresults_CaptchaImgS\8V1NO6.png,8V1NO6
JEEresults_CaptchaImgS\QLR4NX.png,QLR4NX
JEEresults_CaptchaImgS\8RF4BM.png,8RF4BM
JEEresults_CaptchaImgS\FC4B7J.png,FC4B7J
JEEresults_CaptchaImgS\0HA4E8.png,0HA4E8
JEEresults_CaptchaImgS\MPNKY0.png,MPNKY0
JEEresults_CaptchaImgS\NC4O8P.png,NC4O8P
JEEresults_CaptchaImgS\YWSBIO.png,YWSBIO
JEEresults_CaptchaImgS\7LOR91.png,7LOR91
JEEresults_CaptchaImgS\N5B6MK.png,N5B6MK
JEEresults_CaptchaImgS\QP2Y3B.png,QP2Y3B
JEEresults_CaptchaImgS\10G3YJ.png,10G3YJ
JEEresults_CaptchaImgS\C45YK5.png,C45YK5
JEEresults_CaptchaImgS\8XA99B.png,8XA99B
JEEresults_CaptchaImgS\4MYQHT.png,4MYQHT
JEEresults_CaptchaImgS\M6TSGP.png,M6TSGP
JEEresults_CaptchaImgS\38UFW2.png,38UFW2
JEEresults_CaptchaImgS\ONDRI4.png,ONDRI4
JEEresults_CaptchaImgS\06V558.png,06V558
JEEresults_CaptchaImgS\JXJU66.png,JXJU66
JEEresults_CaptchaImgS\Y3611V.png,Y3611V
JEEresults_CaptchaImgS\OX76GN.png,OX76GN
JEEresults_CaptchaImgS\MWBS79.png,MWBS79
JEEresults_CaptchaImgS\IQK7UA.png,IQK7UA
JEEresults_CaptchaImgS\431N9Q.png,431N9Q
JEEresults_CaptchaImgS\SUG00L.png,SUG00L
JEEresults_CaptchaImgS\VOIWX1.png,VOIWX1
JEEresults_CaptchaImgS\60RRLY.png,60RRLY
JEEresults_CaptchaImgS\PV7C2J.png,PV7C2J
JEEresults_CaptchaImgS\2CH6OC.png,2CH6OC
JEEresults_CaptchaImgS\916O4K.png,916O4K
JEEresults_CaptchaImgS\5IAQMU.png,5IAQMU
JEEresults_CaptchaImgS\J72NVX.png,J72NVX
JEEresults_CaptchaImgS\6M7OFK.png,6M7OFK
JEEresults_CaptchaImgS\W73H82.png,W73H82
JEEresults_CaptchaImgS\9D26YH.png,9D26YH
JEEresults_CaptchaImgS\UVOQA4.png,UVOQA4
JEEresults_CaptchaImgS\1961U9.png,1961U9
JEEresults_CaptchaImgS\9J6UBR.png,9J6UBR
JEEresults_CaptchaImgS\O1APM7.png,O1APM7
JEEresults_CaptchaImgS\RKMIN2.png,RKMIN2
JEEresults_CaptchaImgS\CWM8QI.png,CWM8QI
JEEresults_CaptchaImgS\YOON2D.png,YOON2D
JEEresults_CaptchaImgS\MMWBAA.png,MMWBAA
JEEresults_CaptchaImgS\FPWB3N.png,FPWB3N
JEEresults_CaptchaImgS\79RA4M.png,79RA4M
JEEresults_CaptchaImgS\CI117G.png,CI117G
JEEresults_CaptchaImgS\WRAP81.png,WRAP81
JEEresults_CaptchaImgS\LU8BG1.png,LU8BG1
JEEresults_CaptchaImgS\GKGSFD.png,GKGSFD
JEEresults_CaptchaImgS\NGJ5M8.png,NGJ5M8
JEEresults_CaptchaImgS\9WYGP3.png,9WYGP3
JEEresults_CaptchaImgS\8WU5Y4.png,8WU5Y4
JEEresults_CaptchaImgS\8GE8W1.png,8GE8W1
JEEresults_CaptchaImgS\S3FM3V.png,S3FM3V
JEEresults_CaptchaImgS\HEA9AN.png,HEA9AN
JEEresults_CaptchaImgS\YQY46Q.png,YQY46Q
JEEresults_CaptchaImgS\SHUAEG.png,SHUAEG
JEEresults_CaptchaImgS\1QOUG0.png,1QOUG0
JEEresults_CaptchaImgS\C1TEH8.png,C1TEH8
JEEresults_CaptchaImgS\31566S.png,31566S
JEEresults_CaptchaImgS\AKXJO4.png,AKXJO4
JEEresults_CaptchaImgS\4VT728.png,4VT728
JEEresults_CaptchaImgS\J2O8GR.png,J2O8GR
JEEresults_CaptchaImgS\D9TM11.png,D9TM11
JEEresults_CaptchaImgS\EI8V92.png,EI8V92
JEEresults_CaptchaImgS\5YIMWO.png,5YIMWO
JEEresults_CaptchaImgS\MDRNGJ.png,MDRNGJ
JEEresults_CaptchaImgS\XVLRSX.png,XVLRSX
JEEresults_CaptchaImgS\2GUOFY.png,2GUOFY
JEEresults_CaptchaImgS\4LTL12.png,4LTL12
JEEresults_CaptchaImgS\BTXLU3.png,BTXLU3
JEEresults_CaptchaImgS\OKRT0C.png,OKRT0C
JEEresults_CaptchaImgS\1GOY7X.png,1GOY7X
JEEresults_CaptchaImgS\782MB3.png,782MB3
JEEresults_CaptchaImgS\4BBLLE.png,4BBLLE
JEEresults_CaptchaImgS\U6PO6X.png,U6PO6X
JEEresults_CaptchaImgS\2U2BBH.png,2U2BBH
JEEresults_CaptchaImgS\RU4Y5G.png,RU4Y5G
JEEresults_CaptchaImgS\T1OUUY.png,T1OUUY
JEEresults_CaptchaImgS\B85KED.png,B85KED
JEEresults_CaptchaImgS\BTLF1T.png,BTLF1T
JEEresults_CaptchaImgS\IL7N0W.png,IL7N0W
JEEresults_CaptchaImgS\4Q4DL7.png,4Q4DL7
JEEresults_CaptchaImgS\GPSADB.png,GPSADB
JEEresults_CaptchaImgS\1GQ4OG.png,1GQ4OG
JEEresults_CaptchaImgS\0O07BR.png,0O07BR
JEEresults_CaptchaImgS\GTEFGJ.png,GTEFGJ
JEEresults_CaptchaImgS\JGN4ER.png,JGN4ER
JEEresults_CaptchaImgS\X53M3H.png,X53M3H
JEEresults_CaptchaImgS\0SBILE.png,0SBILE
JEEresults_CaptchaImgS\KREVYA.png,KREVYA
JEEresults_CaptchaImgS\X1A4NM.png,X1A4NM
JEEresults_CaptchaImgS\DTU1NO.png,DTU1NO
JEEresults_CaptchaImgS\PVCNKG.png,PVCNKG
JEEresults_CaptchaImgS\NC0QF0.png,NC0QF0
JEEresults_CaptchaImgS\0S9EYO.png,0S9EYO
JEEresults_CaptchaImgS\YUMDM3.png,YUMDM3
JEEresults_CaptchaImgS\VB78K.png,VB78K
JEEresults_CaptchaImgS\MS892L.png,MS892L
JEEresults_CaptchaImgS\KPO943.png,KPO943
JEEresults_CaptchaImgS\A26OYA.png,A26OYA
JEEresults_CaptchaImgS\VHCB8R.png,VHCB8R
JEEresults_CaptchaImgS\QAUDRU.png,QAUDRU
JEEresults_CaptchaImgS\ACY2T7.png,ACY2T7
JEEresults_CaptchaImgS\SXF3BC.png,SXF3BC
JEEresults_CaptchaImgS\T2F51A.png,T2F51A
JEEresults_CaptchaImgS\HVCT32.png,HVCT32
JEEresults_CaptchaImgS\CRXDQX.png,CRXDQX
JEEresults_CaptchaImgS\MTM03U.png,MTM03U
JEEresults_CaptchaImgS\TGE9VS.png,TGE9VS
JEEresults_CaptchaImgS\HN6JF7.png,HN6JF7
JEEresults_CaptchaImgS\P67C37.png,P67C37
JEEresults_CaptchaImgS\IY2YOW.png,IY2YOW
JEEresults_CaptchaImgS\TGCOKC.png,TGCOKC
JEEresults_CaptchaImgS\Q5OQ27.png,Q5OQ27
JEEresults_CaptchaImgS\L191X4.png,L191X4
JEEresults_CaptchaImgS\QKMYXR.png,QKMYXR
JEEresults_CaptchaImgS\W0CP10.png,W0CP10
JEEresults_CaptchaImgS\4PA8RH.png,4PA8RH
JEEresults_CaptchaImgS\TYQJ59.png,TYQJ59
JEEresults_CaptchaImgS\JXGUDW.png,JXGUDW
JEEresults_CaptchaImgS\7UKNLI.png,7UKNLI
JEEresults_CaptchaImgS\EJS3VN.png,EJS3VN
JEEresults_CaptchaImgS\PG3LNR.png,PG3LNR
JEEresults_CaptchaImgS\U34KL0.png,U34KL0
JEEresults_CaptchaImgS\L34KGS.png,L34KGS
JEEresults_CaptchaImgS\RFDFSP.png,RFDFSP
JEEresults_CaptchaImgS\C6586R.png,C6586R
JEEresults_CaptchaImgS\9952J3.png,9952J3
JEEresults_CaptchaImgS\ME1F97.png,ME1F97
JEEresults_CaptchaImgS\JTMPIT.png,JTMPIT
JEEresults_CaptchaImgS\BG7E4C.png,BG7E4C
JEEresults_CaptchaImgS\8SNWQD.png,8SNWQD
JEEresults_CaptchaImgS\UP0Y45.png,UP0Y45
JEEresults_CaptchaImgS\2ETG0H.png,2ETG0H
JEEresults_CaptchaImgS\KMM9C8.png,KMM9C8
JEEresults_CaptchaImgS\HNAHOT.png,HNAHOT
JEEresults_CaptchaImgS\QBO682.png,QBO682
JEEresults_CaptchaImgS\NQCX8X.png,NQCX8X
JEEresults_CaptchaImgS\RKSTY6.png,RKSTY6
JEEresults_CaptchaImgS\WAEHGI.png,WAEHGI
JEEresults_CaptchaImgS\IP63J2.png,IP63J2
JEEresults_CaptchaImgS\RN2QNG.png,RN2QNG
JEEresults_CaptchaImgS\KCMM52.png,KCMM52
JEEresults_CaptchaImgS\60QM5E.png,60QM5E
JEEresults_CaptchaImgS\EXBE7P.png,EXBE7P
JEEresults_CaptchaImgS\3EWXBF.png,3EWXBF
JEEresults_CaptchaImgS\YPD04Q.png,YPD04Q
JEEresults_CaptchaImgS\5KBY8W.png,5KBY8W
JEEresults_CaptchaImgS\T9Q561.png,T9Q561
JEEresults_CaptchaImgS\4MXI1U.png,4MXI1U
JEEresults_CaptchaImgS\8BRNJ5.png,8BRNJ5
JEEresults_CaptchaImgS\F1PFMG.png,F1PFMG
JEEresults_CaptchaImgS\IH6P4J.png,IH6P4J
JEEresults_CaptchaImgS\V6RGDC.png,V6RGDC
JEEresults_CaptchaImgS\ICDD5X.png,ICDD5X
JEEresults_CaptchaImgS\BQD5DU.png,BQD5DU
JEEresults_CaptchaImgS\OJJTQF.png,OJJTQF
JEEresults_CaptchaImgS\UXW4YB.png,UXW4YB
JEEresults_CaptchaImgS\FWC01E.png,FWC01E
JEEresults_CaptchaImgS\6V7RIH.png,6V7RIH
JEEresults_CaptchaImgS\UP3L23.png,UP3L23
JEEresults_CaptchaImgS\FI9RHQ.png,FI9RHQ
JEEresults_CaptchaImgS\Q49MYM.png,Q49MYM
JEEresults_CaptchaImgS\DD64F7.png,DD64F7
JEEresults_CaptchaImgS\6EIXWJ.png,6EIXWJ
JEEresults_CaptchaImgS\2XQX6K.png,2XQX6K
JEEresults_CaptchaImgS\JMJQT1.png,JMJQT1
JEEresults_CaptchaImgS\UQI2AE.png,UQI2AE
JEEresults_CaptchaImgS\L8QIK9.png,L8QIK9
JEEresults_CaptchaImgS\IBYTJI.png,IBYTJI
JEEresults_CaptchaImgS\PF16US.png,PF16US
JEEresults_CaptchaImgS\Q6H4V1.png,Q6H4V1
JEEresults_CaptchaImgS\TFL1FK.png,TFL1FK
JEEresults_CaptchaImgS\O4W2C0.png,O4W2C0
JEEresults_CaptchaImgS\64WQUR.png,64WQUR
JEEresults_CaptchaImgS\4Y66JF.png,4Y66JF
JEEresults_CaptchaImgS\EDIFBL.png,EDIFBL
JEEresults_CaptchaImgS\1CJ5BX.png,1CJ5BX
JEEresults_CaptchaImgS\78SNSV.png,78SNSV
JEEresults_CaptchaImgS\54XC8V.png,54XC8V
JEEresults_CaptchaImgS\OVXOEE.png,OVXOEE
JEEresults_CaptchaImgS\WTBYMX.png,WTBYMX
JEEresults_CaptchaImgS\22X6UX.png,22X6UX
JEEresults_CaptchaImgS\Y4KMSR.png,Y4KMSR
JEEresults_CaptchaImgS\G4E2HP.png,G4E2HP
JEEresults_CaptchaImgS\RE6VJG.png,RE6VJG
JEEresults_CaptchaImgS\KU5065.png,KU5065
JEEresults_CaptchaImgS\4KHQM2.png,4KHQM2
JEEresults_CaptchaImgS\15QEG8.png,15QEG8
JEEresults_CaptchaImgS\N4BLCT.png,N4BLCT
JEEresults_CaptchaImgS\TOJPKC.png,TOJPKC
JEEresults_CaptchaImgS\R7Y8TV.png,R7Y8TV
JEEresults_CaptchaImgS\6V38VU.png,6V38VU
JEEresults_CaptchaImgS\1XDUFC.png,1XDUFC
JEEresults_CaptchaImgS\GIHBXN.png,GIHBXN
JEEresults_CaptchaImgS\61S4H6.png,61S4H6
JEEresults_CaptchaImgS\U3N8QJ.png,U3N8QJ
JEEresults_CaptchaImgS\9GOFTF.png,9GOFTF
JEEresults_CaptchaImgS\IV9X17.png,IV9X17
JEEresults_CaptchaImgS\LAPV6L.png,LAPV6L
JEEresults_CaptchaImgS\S9R0CS.png,S9R0CS
JEEresults_CaptchaImgS\F7F35R.png,F7F35R
JEEresults_CaptchaImgS\570DQI.png,570DQI
JEEresults_CaptchaImgS\Q1DSYG.png,Q1DSYG
JEEresults_CaptchaImgS\L19PPK.png,L19PPK
JEEresults_CaptchaImgS\6CACA3.png,6CACA3
JEEresults_CaptchaImgS\IBUXCU.png,IBUXCU
JEEresults_CaptchaImgS\D7EH5X.png,D7EH5X
JEEresults_CaptchaImgS\6SAN02.png,6SAN02
JEEresults_CaptchaImgS\1SWUF6.png,1SWUF6
JEEresults_CaptchaImgS\VKBK7E.png,VKBK7E
JEEresults_CaptchaImgS\XDES2O.png,XDES2O
JEEresults_CaptchaImgS\E14PGG.png,E14PGG
JEEresults_CaptchaImgS\MJWCHT.png,MJWCHT
JEEresults_CaptchaImgS\NFWW3H.png,NFWW3H
JEEresults_CaptchaImgS\6C38S6.png,6C38S6
JEEresults_CaptchaImgS\7PV0XC.png,7PV0XC
JEEresults_CaptchaImgS\5PMSNP.png,5PMSNP
JEEresults_CaptchaImgS\7BDLQ9.png,7BDLQ9
JEEresults_CaptchaImgS\DSH3L9.png,DSH3L9
JEEresults_CaptchaImgS\PSETH2.png,PSETH2
JEEresults_CaptchaImgS\OUE23O.png,OUE23O
JEEresults_CaptchaImgS\368O0E.png,368O0E
JEEresults_CaptchaImgS\S1HQ7N.png,S1HQ7N
JEEresults_CaptchaImgS\YYYATI.png,YYYATI
JEEresults_CaptchaImgS\XMOD91.png,XMOD91
JEEresults_CaptchaImgS\XEIGHA.png,XEIGHA
JEEresults_CaptchaImgS\HA5MLO.png,HA5MLO
JEEresults_CaptchaImgS\18YTSD.png,18YTSD
JEEresults_CaptchaImgS\6RV8C1.png,6RV8C1
JEEresults_CaptchaImgS\UNWXWO.png,UNWXWO
JEEresults_CaptchaImgS\1M25O0.png,1M25O0
JEEresults_CaptchaImgS\JKFFKI.png,JKFFKI
JEEresults_CaptchaImgS\V14C78.png,V14C78
JEEresults_CaptchaImgS\7OAVM0.png,7OAVM0
JEEresults_CaptchaImgS\FMISX5.png,FMISX5
JEEresults_CaptchaImgS\DE18QQ.png,DE18QQ
JEEresults_CaptchaImgS\7SKFSG.png,7SKFSG
JEEresults_CaptchaImgS\1VGFFQ.png,1VGFFQ
JEEresults_CaptchaImgS\X6LUWM.png,X6LUWM
JEEresults_CaptchaImgS\UNBXH4.png,UNBXH4
JEEresults_CaptchaImgS\PVODNI.png,PVODNI
JEEresults_CaptchaImgS\OES3XK.png,OES3XK
JEEresults_CaptchaImgS\NIEWLM.png,NIEWLM
JEEresults_CaptchaImgS\Y1MQW0.png,Y1MQW0
JEEresults_CaptchaImgS\SXUK84.png,SXUK84
JEEresults_CaptchaImgS\SIEOVS.png,SIEOVS
JEEresults_CaptchaImgS\DQCJE1.png,DQCJE1
JEEresults_CaptchaImgS\P1D74E.png,P1D74E
JEEresults_CaptchaImgS\TCJXIH.png,TCJXIH
JEEresults_CaptchaImgS\JSUIEV.png,JSUIEV
JEEresults_CaptchaImgS\T0IIHO.png,T0IIHO
JEEresults_CaptchaImgS\CM8Q0D.png,CM8Q0D
JEEresults_CaptchaImgS\NH6BPC.png,NH6BPC
JEEresults_CaptchaImgS\Y0V0CI.png,Y0V0CI
JEEresults_CaptchaImgS\FHS5H9.png,FHS5H9
JEEresults_CaptchaImgS\GAWMY8.png,GAWMY8
JEEresults_CaptchaImgS\WUW3W.png,WUW3W
JEEresults_CaptchaImgS\WY7L3S.png,WY7L3S
JEEresults_CaptchaImgS\B7J7Q8.png,B7J7Q8
JEEresults_CaptchaImgS\W8PED0.png,W8PED0
JEEresults_CaptchaImgS\14BQOI.png,14BQOI
JEEresults_CaptchaImgS\O4181K.png,O4181K
JEEresults_CaptchaImgS\H13P2Y.png,H13P2Y
JEEresults_CaptchaImgS\PSVHF4.png,PSVHF4
JEEresults_CaptchaImgS\BBG03Y.png,BBG03Y
JEEresults_CaptchaImgS\FUOJRY.png,FUOJRY
JEEresults_CaptchaImgS\M319A9.png,M319A9
JEEresults_CaptchaImgS\1Y373A.png,1Y373A
JEEresults_CaptchaImgS\0FQ27V.png,0FQ27V
JEEresults_CaptchaImgS\LF15ID.png,LF15ID
JEEresults_CaptchaImgS\WSHX7Y.png,WSHX7Y
JEEresults_CaptchaImgS\3AMYQF.png,3AMYQF
JEEresults_CaptchaImgS\H7GCXO.png,H7GCXO
JEEresults_CaptchaImgS\E1L5HK.png,E1L5HK
JEEresults_CaptchaImgS\DFFF50.png,DFFF50
JEEresults_CaptchaImgS\5P886S.png,5P886S
JEEresults_CaptchaImgS\039106.png,039106
JEEresults_CaptchaImgS\663V9D.png,663V9D
JEEresults_CaptchaImgS\PNRHIA.png,PNRHIA
JEEresults_CaptchaImgS\VQLCRO.png,VQLCRO
JEEresults_CaptchaImgS\OXOL9F.png,OXOL9F
JEEresults_CaptchaImgS\6IE94D.png,6IE94D
JEEresults_CaptchaImgS\06U5D4.png,06U5D4
JEEresults_CaptchaImgS\7319WV.png,7319WV
JEEresults_CaptchaImgS\601R02.png,601R02
JEEresults_CaptchaImgS\78FJMM.png,78FJMM
JEEresults_CaptchaImgS\865KSE.png,865KSE
JEEresults_CaptchaImgS\53S3W1.png,53S3W1
JEEresults_CaptchaImgS\LLUIIV.png,LLUIIV
JEEresults_CaptchaImgS\4U3RSC.png,4U3RSC
JEEresults_CaptchaImgS\ESR2PJ.png,ESR2PJ
JEEresults_CaptchaImgS\WXLHSE.png,WXLHSE
JEEresults_CaptchaImgS\5X4IM1.png,5X4IM1
JEEresults_CaptchaImgS\EYT5AY.png,EYT5AY
JEEresults_CaptchaImgS\5E77GM.png,5E77GM
JEEresults_CaptchaImgS\N072AP.png,N072AP
JEEresults_CaptchaImgS\E7WVWH.png,E7WVWH
JEEresults_CaptchaImgS\R8D5EH.png,R8D5EH
JEEresults_CaptchaImgS\PMD2UE.png,PMD2UE
JEEresults_CaptchaImgS\9C0Y1G.png,9C0Y1G
JEEresults_CaptchaImgS\Y56Q41.png,Y56Q41
JEEresults_CaptchaImgS\Q6QIIV.png,Q6QIIV
JEEresults_CaptchaImgS\O87LHT.png,O87LHT
JEEresults_CaptchaImgS\DBTOGC.png,DBTOGC
JEEresults_CaptchaImgS\GWO6M7.png,GWO6M7
JEEresults_CaptchaImgS\H6CH7G.png,H6CH7G
JEEresults_CaptchaImgS\OYLR3S.png,OYLR3S
JEEresults_CaptchaImgS\QG6452.png,QG6452
JEEresults_CaptchaImgS\0CK1HG.png,0CK1HG
JEEresults_CaptchaImgS\0NG90L.png,0NG90L
JEEresults_CaptchaImgS\G30XAC.png,G30XAC
JEEresults_CaptchaImgS\PIMBHM.png,PIMBHM
JEEresults_CaptchaImgS\4AWHA6.png,4AWHA6
JEEresults_CaptchaImgS\3B62OX.png,3B62OX
JEEresults_CaptchaImgS\F97GBW.png,F97GBW
JEEresults_CaptchaImgS\O7LHES.png,O7LHES
JEEresults_CaptchaImgS\2TF146.png,2TF146
JEEresults_CaptchaImgS\2S1POY.png,2S1POY
JEEresults_CaptchaImgS\UR46KT.png,UR46KT
JEEresults_CaptchaImgS\E3MQ1G.png,E3MQ1G
JEEresults_CaptchaImgS\EMEAGU.png,EMEAGU
JEEresults_CaptchaImgS\826WIC.png,826WIC
JEEresults_CaptchaImgS\VHRC59.png,VHRC59
JEEresults_CaptchaImgS\TUJBAU.png,TUJBAU
JEEresults_CaptchaImgS\0KRN56.png,0KRN56
JEEresults_CaptchaImgS\8GND85.png,8GND85
JEEresults_CaptchaImgS\EGUSY9.png,EGUSY9
JEEresults_CaptchaImgS\A02KNS.png,A02KNS
JEEresults_CaptchaImgS\1UETTH.png,1UETTH
JEEresults_CaptchaImgS\WSVUBI.png,WSVUBI
JEEresults_CaptchaImgS\X1V8X2.png,X1V8X2
JEEresults_CaptchaImgS\40JY4E.png,40JY4E
JEEresults_CaptchaImgS\7KNYLV.png,7KNYLV
JEEresults_CaptchaImgS\J15QG5.png,J15QG5
JEEresults_CaptchaImgS\AL9R45.png,AL9R45
JEEresults_CaptchaImgS\3XCAL5.png,3XCAL5
JEEresults_CaptchaImgS\T81V0L.png,T81V0L
JEEresults_CaptchaImgS\L4JAWV.png,L4JAWV
JEEresults_CaptchaImgS\F4BJ7F.png,F4BJ7F
JEEresults_CaptchaImgS\NS629M.png,NS629M
JEEresults_CaptchaImgS\BIX7TW.png,BIX7TW
JEEresults_CaptchaImgS\ONO687.png,ONO687
JEEresults_CaptchaImgS\L29OYO.png,L29OYO
JEEresults_CaptchaImgS\RDJR0I.png,RDJR0I
JEEresults_CaptchaImgS\VR8G24.png,VR8G24
JEEresults_CaptchaImgS\RWG9ER.png,RWG9ER
JEEresults_CaptchaImgS\ABDXIS.png,ABDXIS
JEEresults_CaptchaImgS\B7GTYW.png,B7GTYW
JEEresults_CaptchaImgS\3M7QV9.png,3M7QV9
JEEresults_CaptchaImgS\LB1A0R.png,LB1A0R
JEEresults_CaptchaImgS\DP1NV8.png,DP1NV8
JEEresults_CaptchaImgS\NRPG8G.png,NRPG8G
JEEresults_CaptchaImgS\14XK2B.png,14XK2B
